Edad;Sexo;Mayor parte de las tareas domésticas;Una parte importante de las tareas compartidas;Una pequeña parte;No participo habitualmente;Total;Mayor parte de las tareas domésticas;Una parte importante de las tareas compartidas;Una pequeña parte;No participo habitualmente
    De 60 a 69 años;Ambos sexos;2292481;1807317;1048528;392546;5540872;0.41374011166473434;0.32617916457914925;0.18923519619294579;0.070845527563170557
    De 70 y más años;Ambos sexos;2395227;1558782;1437735;1193425;6585169;0.36373052840405462;0.23671100923909469;0.21832924864950315;0.18122921370734751
    De 60 a 69 años;Hombres;464394;911200;944642;345011;2665247;0.1742405112921992;0.34188200943477282;0.35442943937278609;0.1294480399002419
    De 70 y más años;Hombres;414760;749971;966536;675750;2807017;0.14775827862816648;0.26717722051558646;0.34432851671365011;0.24073598414259692
    De 60 a 69 años;Mujeres;1828087;896117;103886;47534;2875625;0.63571814822864592;0.31162512497283201;0.036126407302760268;0.016529971745272768
    De 70 y más años;Mujeres;1980467;808811;471199;517675;3778152;0.52418933912664178;0.21407582331256128;0.12471679276005836;0.13701804480073856
